sample_id;prediction
131672_1767670500;21.7
131672_1767670800;55.4
131672_1767671100;99.7
131672_1767671400;121.9
134040_1767672000;35.2
134040_1767672300;33.5
134040_1767672600;11.4
134040_1767672900;30.0
134040_1767673200;67.0
134040_1767673500;80.2
122048_1767673800;89.9
122048_1767674100;45.4
122048_1767674400;-26.8
122048_1767674700;-71.1
122048_1767675000;-27.2
122048_1767675300;-21.7
131672_1767675600;8.4
131672_1767675900;-45.6
131672_1767676200;-38.5
131672_1767676500;-61.7
131672_1767676800;-46.3
131672_1767677100;-21.7
122658_1767679500;65.3
122658_1767679800;85.8
122658_1767680100;85.3
122658_1767680400;35.9
122658_1767680700;0.0
134040_1767684600;67.1
130238_1767684600;26.9
130238_1767684900;34.2
134040_1767684900;18.7
134040_1767685200;94.4
130238_1767685200;48.7
134040_1767685500;70.7
130238_1767685500;30.5
134040_1767685800;67.3
130238_1767685800;41.3
130238_1767686100;45.1
134040_1767686100;43.5
122658_1767686400;0.0
122658_1767686700;0.0
122658_1767687000;0.0
122658_1767687300;30.5
122658_1767687600;94.2
122658_1767687900;120.4
122613_1767690000;47.1
122613_1767690300;32.4
122613_1767690600;41.2
122613_1767690900;65.6
122613_1767691200;75.4
122613_1767691500;62.1
122048_1767695400;-94.5
122048_1767695700;-93.0
122048_1767696000;-50.2
122048_1767696300;-57.5
122048_1767696600;10.2
122048_1767696900;-50.1
133300_1767699000;-23.9
122048_1767699000;-114.2
133300_1767699300;-29.2
122048_1767699300;-78.5
122048_1767699600;-100.9
133300_1767699600;44.4
122048_1767699900;-107.1
133300_1767699900;77.2
122048_1767700200;-45.8
133300_1767700200;90.9
122048_1767700500;84.4
133300_1767700500;115.6
133957_1767700800;39.1
133957_1767701100;99.9
133957_1767701400;63.2
133957_1767701700;-10.1
133957_1767702000;68.6
133957_1767702300;0.8
129964_1767702600;1.3
129964_1767702900;-51.5
129964_1767703200;-7.8
129964_1767703500;2.2
129964_1767704100;-72.1
122658_1767706200;0.0
122658_1767706500;0.0
122658_1767706800;0.0
122658_1767707100;0.0
122658_1767707400;0.0
131672_1767709800;91.8
122048_1767709800;-53.5
131672_1767710100;-34.3
122048_1767710100;-19.5
131672_1767710400;-85.4
122048_1767710400;-93.4
122048_1767710700;-79.6
131672_1767710700;-77.7
131672_1767711000;-19.8
122048_1767711000;63.5
122048_1767711300;11.5
131672_1767711300;-66.9
132430_1767713400;246.0
133300_1767713400;-19.1
132430_1767713700;352.0
133300_1767713700;14.4
133300_1767714000;101.1
132430_1767714000;303.1
132430_1767714300;163.5
133300_1767714600;-13.6
132430_1767714600;289.2
132430_1767714900;267.7
133300_1767714900;-26.2
122048_1767717000;0.0
122048_1767717300;0.0
122048_1767717600;0.0
122613_1767718800;0.0
132430_1767720000;149.8
132430_1767720300;142.7
131672_1767722400;46.5
131672_1767722700;94.7
131672_1767723000;160.3
131672_1767723300;238.3
131672_1767723600;313.3
131672_1767723900;324.0
133957_1767724200;149.0
132430_1767727800;223.9
132430_1767728100;291.4
132430_1767728400;166.7
132430_1767728700;258.0
132430_1767729000;201.2
132430_1767729300;111.7
122048_1767731400;-46.5
122048_1767731700;0.0
122048_1767732000;0.0
122048_1767732300;0.0
122048_1767732600;0.0
122048_1767732900;0.0
134040_1767733200;271.6
134040_1767733500;0.0
134040_1767733800;0.0
134040_1767734100;0.0
134040_1767734400;0.0
134040_1767734700;0.0
130072_1767736800;0.0
130072_1767737100;0.0
130072_1767737400;0.0
130072_1767737700;0.0
130072_1767738000;0.0
130072_1767738300;0.0
130072_1767742200;0.0
130072_1767742500;0.0
130072_1767742800;0.0
130072_1767743100;0.0
130072_1767743400;0.0
130072_1767743700;0.0
